username,password,name
user1,DD99VC21,Full Name 1
user2,YF37WU59,Full Name 2
user3,DL80XL64,Full Name 3
user4,QP23LE59,Full Name 4
user5,RF46ZK48,Full Name 5
user6,QX75XK85,Full Name 6
user7,CN58ZB15,Full Name 7
user8,RG83TT77,Full Name 8
user9,DX52KI54,Full Name 9
user10,NA85DC10,Full Name 10
user11,UM26NB50,Full Name 11
user12,DU55OP10,Full Name 12
user13,PE61VZ81,Full Name 13
user14,LL94CV65,Full Name 14
user15,CO43BQ99,Full Name 15
user16,GE47DD10,Full Name 16
user17,TG27IE72,Full Name 17
user18,AN51YC54,Full Name 18
user19,RK65QS57,Full Name 19
user20,MA96DH64,Full Name 20
user21,XC27EB19,Full Name 21
user22,QL30SD76,Full Name 22
user23,XE76ZT41,Full Name 23
user24,VG13KE52,Full Name 24
user25,XL53JH82,Full Name 25
user26,BN18QE86,Full Name 26
user27,TW50QY55,Full Name 27
user28,KP39XE31,Full Name 28
user29,DQ25YV69,Full Name 29
user30,TQ82JN76,Full Name 30
user31,IM14CO27,Full Name 31
user32,SA25UW95,Full Name 32
user33,GJ92TV28,Full Name 33
user34,ZG12PK90,Full Name 34
user35,QL14UT78,Full Name 35
user36,PB12NR13,Full Name 36
user37,IQ62WG53,Full Name 37
user38,YO10WT74,Full Name 38
user39,QK99AR77,Full Name 39
user40,UQ48GP43,Full Name 40
user41,PJ10ZM49,Full Name 41
user42,PA31XA77,Full Name 42
user43,BP23PG21,Full Name 43
user44,XS82UI67,Full Name 44
user45,LG45GR91,Full Name 45
user46,VH32XW66,Full Name 46
user47,IE38IR85,Full Name 47
user48,DW32UK86,Full Name 48
user49,PC15ZH30,Full Name 49
user50,TO24GE18,Full Name 50
user51,ZD98CK60,Full Name 51
user52,RV57LK50,Full Name 52
user53,RB56ML55,Full Name 53
user54,EE95HA21,Full Name 54
user55,AB92LF33,Full Name 55
user56,RQ68RD89,Full Name 56
user57,GH20II98,Full Name 57
user58,DN48JN39,Full Name 58
user59,CB55WD65,Full Name 59
user60,DX37OL79,Full Name 60
user61,FI69TZ44,Full Name 61
user62,YI57OM31,Full Name 62
user63,QI71EY81,Full Name 63
user64,FW57PS90,Full Name 64
user65,TQ90BC18,Full Name 65
user66,IM51ZI99,Full Name 66
user67,XV97MQ53,Full Name 67
user68,NQ20TZ86,Full Name 68
user69,RR10MG69,Full Name 69
user70,XM75YZ78,Full Name 70
user71,KP70SI52,Full Name 71
user72,OT72MD76,Full Name 72
user73,ZQ28UA27,Full Name 73
user74,XM63GU35,Full Name 74
user75,OY20US65,Full Name 75
user76,LV85UU86,Full Name 76
user77,KN23KB73,Full Name 77
user78,DH12YE35,Full Name 78
user79,GC78UU97,Full Name 79
user80,YU21MO33,Full Name 80
user81,KI43VN87,Full Name 81
user82,LN50GF67,Full Name 82
user83,WY80QL75,Full Name 83
user84,EZ44AR82,Full Name 84
user85,FU38XG11,Full Name 85
user86,MY61NU80,Full Name 86
user87,LP11DV45,Full Name 87
user88,PZ56US53,Full Name 88
user89,JG13DL99,Full Name 89
user90,DM93QZ31,Full Name 90
user91,XF94YF11,Full Name 91
user92,PD22DB34,Full Name 92
user93,DX53ED29,Full Name 93
user94,AT82DU80,Full Name 94
user95,LI26KI25,Full Name 95
user96,RH58UB31,Full Name 96
user97,XS37EE36,Full Name 97
user98,GP45DF39,Full Name 98
user99,JG87BM38,Full Name 99
